{
  "establishments": [
    {
      "FHRSID": 1,
      "BusinessName": "The Green Garden Restaurant",
      "BusinessType": "Restaurant/Cafe/Canteen",
      "BusinessTypeID": 1,
      "AddressLine1": "123 High Street",
      "AddressLine2": "City Center",
      "AddressLine3": "",
      "AddressLine4": "",
      "PostCode": "AB1 2CD",
      "RatingValue": "5",
      "RatingDate": "2023-05-15",
      "LocalAuthorityName": "London Borough",
      "LocalAuthorityWebSite": "https://www.londonborough.gov.uk",
      "SchemeType": "FHRS",
      "NewRatingPending": false,
      "Longitude": -0.1276,
      "Latitude": 51.5074
    },
    {
      "FHRSID": 2,
      "BusinessName": "Ocean Blue Fish & Chips",
      "BusinessType": "Restaurant/Cafe/Canteen",
      "BusinessTypeID": 1,
      "AddressLine1": "45 Marina Drive",
      "AddressLine2": "Seafront",
      "AddressLine3": "",
      "AddressLine4": "",
      "PostCode": "SE2 8TY",
      "RatingValue": "4",
      "RatingDate": "2023-04-20",
      "LocalAuthorityName": "Brighton & Hove",
      "LocalAuthorityWebSite": "https://www.brighton-hove.gov.uk",
      "SchemeType": "FHRS",
      "NewRatingPending": false,
      "Longitude": -0.1372,
      "Latitude": 50.8229
    },
    {
      "FHRSID": 3,
      "BusinessName": "Pizza Palace",
      "BusinessType": "Restaurant/Cafe/Canteen",
      "BusinessTypeID": 1,
      "AddressLine1": "78 Main Road",
      "AddressLine2": "Town Center",
      "PostCode": "XY3 9ZZ",
      "RatingValue": "3",
      "RatingDate": "2023-06-10",
      "LocalAuthorityName": "Manchester City Council",
      "LocalAuthorityWebSite": "https://www.manchester.gov.uk",
      "SchemeType": "FHRS",
      "NewRatingPending": false,
      "Longitude": -2.2426,
      "Latitude": 53.4808
    },
    {
      "FHRSID": 4,
      "BusinessName": "Golden Dragon",
      "BusinessType": "Restaurant/Cafe/Canteen",
      "BusinessTypeID": 1,
      "AddressLine1": "90 China Town",
      "AddressLine2": "City District",
      "PostCode": "CH4 5WW",
      "RatingValue": "5",
      "RatingDate": "2023-07-01",
      "LocalAuthorityName": "Birmingham City Council",
      "LocalAuthorityWebSite": "https://www.birmingham.gov.uk",
      "SchemeType": "FHRS",
      "NewRatingPending": false,
      "Longitude": -1.8904,
      "Latitude": 52.4862
    },
    {
      "FHRSID": 5,
      "BusinessName": "Cafe Sunshine",
      "BusinessType": "Restaurant/Cafe/Canteen",
      "BusinessTypeID": 1,
      "AddressLine1": "12 Beach Road",
      "AddressLine2": "Seaside",
      "PostCode": "BE5 1SS",
      "RatingValue": "4",
      "RatingDate": "2023-06-25",
      "LocalAuthorityName": "Cornwall Council",
      "LocalAuthorityWebSite": "https://www.cornwall.gov.uk",
      "SchemeType": "FHRS",
      "NewRatingPending": false,
      "Longitude": -5.0527,
      "Latitude": 50.1544
    }
  ]
}